{
  "IcoMoonType": "selection",
  "icons": [
    {
      "icon": {
        "paths": [
          "M563.2 857.856v114.944h-102.4v-109.722c-87.654-5.12-156.979-30.157-217.139-92.006l87.962-89.088c43.981 44.544 103.578 59.392 168.038 59.392 80.128 0 123.136-30.669 123.136-87.142 0-24.73-6.81-45.517-21.504-59.392-13.67-12.851-29.286-19.814-61.542-24.73l-84.070-11.878c-59.597-8.909-103.526-27.699-134.861-58.419-33.178-33.638-49.818-79.155-49.818-138.598 0-110.336 70.758-191.642 189.798-209.92v-100.096h102.4v98.918c70.758 7.424 126.208 31.744 174.848 79.411l-85.965 86.118c-43.981-42.598-96.717-48.486-142.694-48.486-72.294 0-107.469 40.55-107.469 89.088 0 17.818 5.888 36.659 20.531 50.483 13.67 12.902 36.147 23.757 64.512 27.699l82.022 11.878c63.539 8.909 103.578 26.726 132.915 54.426 37.171 35.635 53.76 87.142 53.76 149.504 0 115.2-80.23 187.494-192.461 207.616z"
        ],
        "attrs": [],
        "isMulticolor": false,
        "isMulticolor2": false,
        "tags": [
          "credit"
        ],
        "grid": 20
      },
      "attrs": [],
      "properties": {
        "id": 141,
        "order": 30,
        "prevSize": 20,
        "name": "credit"
      },
      "setIdx": 0,
      "setId": 2,
      "iconIdx": 140
    },
    {
      "icon": {
        "paths": [
          "M575.996 320l127.998 127.998-255.994 255.994-127.998-127.998zM1001.526 297.504l-73.516-73.516-32.008 32.008c-16.378 16.38-39.010 26.51-64 26.51-49.988 0-90.514-40.522-90.514-90.51 0-25.002 10.14-47.638 26.534-64.018l31.988-31.986-73.518-73.516c-29.968-29.968-79.008-29.968-108.976 0l-595.040 595.038c-29.966 29.968-29.966 79.010 0 108.976l73.52 73.518 31.962-31.964c16.382-16.406 39.030-26.552 64.044-26.552 49.988 0 90.51 40.524 90.51 90.51 0 25.006-10.14 47.64-26.534 64.022l-31.984 31.986 73.516 73.518c29.966 29.966 79.008 29.966 108.976 0l595.040-595.040c29.964-29.976 29.964-79.016 0-108.984zM448.002 831.996l-256-256 384-384 256 256-384 384z"
        ],
        "tags": [
          "ticket",
          "theater",
          "cinema"
        ],
        "defaultCode": 59705,
        "grid": 16,
        "attrs": []
      },
      "attrs": [],
      "properties": {
        "ligatures": "ticket, theater",
        "name": "ticket",
        "order": 32,
        "id": 58,
        "prevSize": 32
      },
      "setIdx": 1,
      "setId": 1,
      "iconIdx": 57
    },
    {
      "icon": {
        "paths": [
          "M320 384h128v128h-128zM512 384h128v128h-128zM704 384h128v128h-128zM128 768h128v128h-128zM320 768h128v128h-128zM512 768h128v128h-128zM320 576h128v128h-128zM512 576h128v128h-128zM704 576h128v128h-128zM128 576h128v128h-128zM832 0v64h-128v-64h-448v64h-128v-64h-128v1024h960v-1024h-128zM896 960h-832v-704h832v704z"
        ],
        "tags": [
          "calendar",
          "date",
          "schedule",
          "time",
          "day"
        ],
        "defaultCode": 59731,
        "grid": 16,
        "attrs": []
      },
      "attrs": [],
      "properties": {
        "ligatures": "calendar, date",
        "name": "calendar",
        "order": 31,
        "id": 84,
        "prevSize": 32
      },
      "setIdx": 1,
      "setId": 1,
      "iconIdx": 83
    },
    {
      "icon": {
        "paths": [
          "M576 706.612v-52.78c70.498-39.728 128-138.772 128-237.832 0-159.058 0-288-192-288s-192 128.942-192 288c0 99.060 57.502 198.104 128 237.832v52.78c-217.102 17.748-384 124.42-384 253.388h896c0-128.968-166.898-235.64-384-253.388z"
        ],
        "tags": [
          "user",
          "profile",
          "avatar",
          "person",
          "member"
        ],
        "defaultCode": 59761,
        "grid": 16,
        "attrs": []
      },
      "attrs": [],
      "properties": {
        "ligatures": "user, profile2",
        "name": "user",
        "order": 27,
        "id": 114,
        "prevSize": 32
      },
      "setIdx": 1,
      "setId": 1,
      "iconIdx": 113
    },
    {
      "icon": {
        "paths": [
          "M755.188 64c-107.63 0-200.258 87.554-243.164 179-42.938-91.444-135.578-179-243.216-179-148.382 0-268.808 120.44-268.808 268.832 0 301.846 304.5 380.994 512.022 679.418 196.154-296.576 511.978-387.206 511.978-679.418 0-148.392-120.43-268.832-268.812-268.832z"
        ],
        "tags": [
          "heart",
          "like",
          "love",
          "favorite"
        ],
        "defaultCode": 59866,
        "grid": 16,
        "attrs": []
      },
      "attrs": [],
      "properties": {
        "ligatures": "heart, like",
        "name": "heart",
        "order": 29,
        "id": 219,
        "prevSize": 32
      },
      "setIdx": 1,
      "setId": 1,
      "iconIdx": 218
    }
  ],
  "height": 1024,
  "preferences": {
    "showGlyphs": true,
    "showQuickUse": true,
    "showQuickUse2": true,
    "showSVGs": true,
    "fontPref": {
      "prefix": "icon-",
      "metadata": {
        "fontFamily": "icomoon"
      },
      "metrics": {
        "emSize": 1024,
        "baseline": 6.25,
        "whitespace": 50
      },
      "embed": false
    },
    "imagePref": {
      "prefix": "icon-",
      "png": false,
      "useClassSelector": true,
      "color": 0,
      "bgColor": 16777215,
      "classSelector": ".icon",
      "name": "icomoon",
      "height": 32,
      "columns": 16,
      "margin": 16
    },
    "historySize": 50,
    "showCodes": true,
    "gridSize": 16
  }
}